title,kind,release_date,source,source_url,summary,poster_url,updated_at
Young Washington,movie,2026-07-03,The Numbers,https://www.the-numbers.com/movie/Young-Washington-(2026),,,2026-07-04T19:42:09+00:00
The Battle of Oslo,movie,2026-07-03,The Numbers,https://www.the-numbers.com/movie/Blucher-(2025-Norway),,,2026-07-04T19:42:09+00:00
Gangland,movie,2026-07-03,The Numbers,https://www.the-numbers.com/movie/Gangland-(2026),,,2026-07-04T19:42:09+00:00
Gatta Kusthi 2,movie,2026-07-03,The Numbers,https://www.the-numbers.com/movie/Gatta-Kusthi-2-(2026-India),,,2026-07-04T19:42:09+00:00
Lockbox,movie,2026-07-03,The Numbers,https://www.the-numbers.com/movie/Lockbox-(2026-Dir-Daniel-Stamm),,,2026-07-04T19:42:09+00:00
Mary Oliver: Saved by the Beauty of the World,movie,2026-07-03,The Numbers,https://www.the-numbers.com/movie/Mary-Oliver-Saved-by-the-Beauty-of-the-World-(2026),,,2026-07-04T19:42:09+00:00
Nagabandham – The Secret Treasure,movie,2026-07-03,The Numbers,https://www.the-numbers.com/movie/Nagabandham-The-Secret-Treasure-(2026-India),,,2026-07-04T19:42:09+00:00
Sherman’s March,movie,2026-07-03,The Numbers,https://www.the-numbers.com/movie/Shermans-March-(1986),,,2026-07-04T19:42:09+00:00
Swallowtail & Dragonfly,movie,2026-07-03,The Numbers,https://www.the-numbers.com/movie/Swallowtail-and-Dragonfly-(2026),,,2026-07-04T19:42:09+00:00
Untitled Illumination Event Film,movie,2026-07-03,The Numbers,https://www.the-numbers.com/movie/Untitled-Illumination-Event-Film-(2030-07-03),,,2026-07-04T19:42:09+00:00
I Know Who You Are,movie,2026-07-02,The Numbers,https://www.the-numbers.com/movie/I-Know-Who-You-Are-(2026-China),,,2026-07-04T19:42:09+00:00
Minions & Monsters,movie,2026-07-01,The Numbers,https://www.the-numbers.com/movie/Minions-and-Monsters-(2026),,,2026-07-04T19:42:09+00:00
Shrek 5,movie,2026-06-30,The Numbers,https://www.the-numbers.com/movie/Shrek-5-(2027),,,2026-07-04T19:42:09+00:00
Call of Duty,movie,2026-06-30,The Numbers,https://www.the-numbers.com/movie/Call-of-Duty-(2028),,,2026-07-04T19:42:09+00:00
Donkey,movie,2026-06-30,The Numbers,https://www.the-numbers.com/movie/Donkey-(2028),,,2026-07-04T19:42:09+00:00
Dynamic Duo,movie,2026-06-30,The Numbers,https://www.the-numbers.com/movie/Dynamic-Duo-(2028),,,2026-07-04T19:42:09+00:00
Untitled Illumination Event Film,movie,2026-06-29,The Numbers,https://www.the-numbers.com/movie/Untitled-Illumination-Event-Film-(2029-06-29),,,2026-07-04T19:42:09+00:00
Talladega Nights: The Ballad of Ricky Bobby,movie,2026-06-28,The Numbers,https://www.the-numbers.com/movie/Talladega-Nights-The-Ballad-of-Ricky-Bobby-(2006),,,2026-06-29T05:07:50+00:00
Jackass: Best and Last,movie,2026-06-26,The Numbers,https://www.the-numbers.com/movie/Jackass-Best-and-Last-(2026),,,2026-06-29T05:07:50+00:00
Lucky Strike,movie,2026-06-26,The Numbers,https://www.the-numbers.com/movie/Lucky-Strike-(2026),,,2026-06-29T05:07:50+00:00
Supergirl,movie,2026-06-26,The Numbers,https://www.the-numbers.com/movie/Supergirl-(2026),,,2026-06-29T05:07:50+00:00
Blood Lines,movie,2026-06-26,The Numbers,https://www.the-numbers.com/movie/Blood-Lines-(2026-Canada),,,2026-06-29T05:07:50+00:00
Bouchra,movie,2026-06-26,The Numbers,https://www.the-numbers.com/movie/Bouchra-(2025-Morocco),,,2026-06-29T05:07:50+00:00
Camp,movie,2026-06-26,The Numbers,https://www.the-numbers.com/movie/Camp-(2026-Canada),,,2026-06-29T05:07:50+00:00
Carry on Jatta 4,movie,2026-06-26,The Numbers,https://www.the-numbers.com/movie/Carry-on-Jatta-4-(2026-India),,,2026-06-29T05:07:50+00:00
Couture,movie,2026-06-26,The Numbers,https://www.the-numbers.com/movie/Couture-(2026),,,2026-06-29T05:07:50+00:00
The Get Out,movie,2026-06-26,The Numbers,https://www.the-numbers.com/movie/Get-Out-The-(2026),,,2026-06-29T05:07:50+00:00
The Invite,movie,2026-06-26,The Numbers,https://www.the-numbers.com/movie/Invite-The-(2026),,,2026-06-29T05:07:50+00:00
Jacked,movie,2026-06-26,The Numbers,https://www.the-numbers.com/movie/Jacked-(2026),,,2026-06-29T05:07:50+00:00
Romería,movie,2026-06-26,The Numbers,https://www.the-numbers.com/movie/Romeria-(2025-Spain),,,2026-06-29T05:07:50+00:00
Sugar Beach,movie,2026-06-26,The Numbers,https://www.the-numbers.com/movie/Sugar-Beach-(2026),,,2026-06-29T05:07:50+00:00
Welcome to the Jungle,movie,2026-06-26,The Numbers,https://www.the-numbers.com/movie/Welcome-to-the-Jungle-(2026-India),,,2026-06-29T05:07:50+00:00
Drunken Noodles,movie,2026-06-26,The Numbers,https://www.the-numbers.com/movie/Drunken-Noodles-(2025),,,2026-06-29T05:07:50+00:00
BLEACH: Thousand-Year Blood War — The Calamity,movie,2026-06-25,The Numbers,https://www.the-numbers.com/movie/BLEACH-Thousand-Year-Blood-War-The-Calamity-(2026-Japan),,,2026-06-29T05:07:50+00:00
Untitled Ocean’s Prequel,movie,2026-06-25,The Numbers,https://www.the-numbers.com/movie/Untitled-Oceans-Prequel-(2027),,,2026-07-02T23:33:43+00:00
Untitled Oceans Eleven Prequel,movie,2026-06-25,The Numbers,https://www.the-numbers.com/movie/Untitled-Oceans-Eleven-Prequel-(2027),,,2026-07-02T23:33:43+00:00
Mare’s Nest,movie,2026-06-24,The Numbers,https://www.the-numbers.com/movie/Mares-Nest-(2026-United-Kingdom),,,2026-06-29T05:07:50+00:00
Revolutionary Girl Utena: The Adolescence of Utena,movie,2026-06-21,The Numbers,https://www.the-numbers.com/movie/Revolutionary-Girl-Utena-The-Adolescence-of-Utena-(1999-Japan),,,2026-06-22T05:36:51+00:00
Ocean’s Eleven,movie,2026-06-21,The Numbers,https://www.the-numbers.com/movie/Oceans-Eleven-(2001),,,2026-06-22T05:36:51+00:00
Dead Souls,movie,2026-06-20,The Numbers,https://www.the-numbers.com/movie/Dead-Souls-(2026),,,2026-06-22T05:36:51+00:00
The Death of Robin Hood,movie,2026-06-19,The Numbers,https://www.the-numbers.com/movie/Death-of-Robin-Hood-The-(2026),,,2026-06-22T05:36:51+00:00
Leviticus,movie,2026-06-19,The Numbers,https://www.the-numbers.com/movie/Leviticus-(2026-Australia),,,2026-06-22T05:36:51+00:00
Toy Story 5,movie,2026-06-19,The Numbers,https://www.the-numbers.com/movie/Toy-Story-5-(2026),,,2026-06-22T05:36:51+00:00
Citizen Vigilante,movie,2026-06-19,The Numbers,https://www.the-numbers.com/movie/Citizen-Vigilante-(2026-Croatia),,,2026-06-22T05:36:51+00:00
Cocktail 2,movie,2026-06-19,The Numbers,https://www.the-numbers.com/movie/Cocktail-2-(2026-India),,,2026-06-22T05:36:51+00:00
Girls Like Girls,movie,2026-06-19,The Numbers,https://www.the-numbers.com/movie/Girls-Like-Girls-(2026),,,2026-06-22T05:36:51+00:00
Goat Girl,movie,2026-06-19,The Numbers,https://www.the-numbers.com/movie/Nina-de-la-cabra-La-(2025-Spain),,,2026-06-22T05:36:51+00:00
Hell Trotter,movie,2026-06-19,The Numbers,https://www.the-numbers.com/movie/Heo-Nam-Mong-(2026-Vietnam),,,2026-06-22T05:36:51+00:00
Jindagi Once More,movie,2026-06-19,The Numbers,https://www.the-numbers.com/movie/Jindagi-Once-More-(2026-India),,,2026-06-22T05:36:51+00:00
Maddie’s Secret,movie,2026-06-19,The Numbers,https://www.the-numbers.com/movie/Maddies-Secret-(2026),,,2026-06-22T05:36:51+00:00
A Mosquito in the Ear,movie,2026-06-19,The Numbers,https://www.the-numbers.com/movie/Mosquito-in-the-Ear-A-(2026),,,2026-06-22T05:36:51+00:00
Peter Asher: Everywhere Man,movie,2026-06-19,The Numbers,https://www.the-numbers.com/movie/Peter-Asher-Everywhere-Man-(2026),,,2026-06-22T05:36:51+00:00
Road to Everywhere,movie,2026-06-19,The Numbers,https://www.the-numbers.com/movie/Road-to-Everywhere-(2026),,,2026-06-22T05:36:51+00:00
Rose of Nevada,movie,2026-06-19,The Numbers,https://www.the-numbers.com/movie/Rose-of-Nevada-(2026-United-Kingdom),,,2026-06-22T05:36:51+00:00
Shoot the People,movie,2026-06-19,The Numbers,https://www.the-numbers.com/movie/Shoot-the-People-(2026),,,2026-06-22T05:36:51+00:00
Unidentified,movie,2026-06-19,The Numbers,https://www.the-numbers.com/movie/Unidentified-(2026-Saudi-Arabia),,,2026-06-22T05:36:51+00:00
Spider-Man: Beyond the Spider-Verse,movie,2026-06-18,The Numbers,https://www.the-numbers.com/movie/Spider-Man-Beyond-the-Spider-Verse-(2027),,,2026-06-25T23:48:34+00:00
Untitled Disney Film,movie,2026-06-18,The Numbers,https://www.the-numbers.com/movie/Untitled-Disney-Film-(2027-06-18),,,2026-06-25T23:48:34+00:00
Gregg Allman: The Music of My Soul,movie,2026-06-17,The Numbers,https://www.the-numbers.com/movie/Gregg-Allman-The-Music-of-My-Soul-(2026),,,2026-06-22T05:36:51+00:00
In the Hand of Dante,movie,2026-06-17,The Numbers,https://www.the-numbers.com/movie/In-the-Hand-of-Dante-(2025),,,2026-06-22T05:36:51+00:00
40 Days and 40 Nights,movie,2026-06-16,The Numbers,https://www.the-numbers.com/movie/40-Days-and-40-Nights-(2026),,,2026-06-22T05:36:51+00:00
Incredibles 3,movie,2026-06-16,The Numbers,https://www.the-numbers.com/movie/Incredibles-3-(2028),,,2026-06-23T23:33:25+00:00
Crunchyroll Anime Nights Sneak Peak June Edition,movie,2026-06-15,The Numbers,https://www.the-numbers.com/movie/Crunchyroll-Anime-Nights-Sneak-Peak-June-Edition-(2026),,,2026-06-22T05:36:51+00:00
Untitled Disney Animation,movie,2026-06-15,The Numbers,https://www.the-numbers.com/movie/Untitled-Disney-Animation-(2029-06-15),,,2026-06-22T23:47:58+00:00
